Residus,Nom,RMSD,ecart-type RMSD,Distance residu/CdM,ecart-type Distance residu/CdM
1,LYS,2.608944,0.895089,13.030895,0.835102
2,LYS,1.890696,0.655441,12.734212,0.59527
3,ALA,0.78143,0.352246,8.016538,0.418546
4,VAL,1.085994,0.406911,10.615947,0.429715
5,ILE,1.024266,0.367081,6.509619,0.371098
6,ASN,1.790682,0.626366,12.150486,0.432349
7,GLY,1.038926,0.448061,11.2517,0.404919
8,GLU,2.20987,0.57927,15.907887,0.349797
9,GLN,2.187527,1.332455,15.166342,0.746469
10,ILE,1.418306,1.025261,11.07747,0.530118
11,ARG,2.85684,0.733135,15.974826,0.797762
12,SER,0.941645,0.529297,13.429614,0.407794
13,ILE,1.249929,0.495739,10.395818,0.575277
14,SER,1.091751,0.43125,12.344708,0.470157
15,ASP,1.11785,0.677683,11.817848,0.472373
16,LEU,0.974076,0.518677,6.804731,0.508199
17,HIS,1.051452,0.349758,7.583714,0.412727
18,GLN,2.484259,0.64273,11.455143,0.398216
19,THR,1.141867,0.473172,8.33709,0.432159
20,LEU,0.918141,0.361611,3.904135,0.329112
21,LYS,0.794346,0.368478,11.29213,0.317723
22,LYS,1.839056,0.560154,12.077939,0.519635
23,GLU,0.947581,0.426438,8.818418,0.36376
24,LEU,0.744614,0.401715,6.717461,0.466698
25,ALA,0.986829,0.318732,11.86352,0.37021
26,LEU,0.665587,0.282914,9.526654,0.380007
27,PRO,1.624229,0.482197,14.305346,0.36735
28,GLU,1.519393,0.716565,17.210582,0.340723
29,TYR,2.342241,0.748254,17.073965,0.648519
30,TYR,1.203573,0.346024,10.68681,0.362223
31,GLY,1.531911,0.44213,13.160205,0.504103
32,GLU,1.99604,0.353514,11.849987,0.485043
33,ASN,1.754659,0.394217,11.921727,0.324643
34,LEU,1.21975,0.432237,9.240471,0.45635
35,ASP,1.472995,0.453763,13.037856,0.277882
36,ALA,1.075882,0.401821,11.343589,0.306363
37,LEU,0.68889,0.27471,6.094168,0.297741
38,TRP,1.15308,0.369953,11.924843,0.334316
39,ASP,1.208427,0.384455,13.051653,0.255624
40,CYS,0.694236,0.295603,10.336163,0.289708
41,LEU,0.659729,0.25397,7.767023,0.395841
42,THR,0.873726,0.324969,13.112136,0.373257
43,GLY,1.362005,0.682944,14.61759,0.338886
44,TRP,1.315669,0.458912,14.283042,0.350289
45,VAL,1.197431,0.390207,10.775353,0.389805
46,GLU,1.700503,0.499954,14.961784,0.466831
47,TYR,1.56808,0.627837,14.101887,0.716961
48,PRO,1.066323,0.371891,15.229619,0.324814
49,LEU,0.894447,0.351515,9.135931,0.372408
50,VAL,1.135774,0.325801,11.41303,0.373101
51,LEU,0.943699,0.315474,5.71156,0.339916
52,GLU,0.824744,0.311463,10.637159,0.288471
53,TRP,0.824103,0.325502,6.884508,0.255327
54,ARG,2.313738,0.352753,13.044013,0.299894
55,GLN,1.469065,0.438953,14.705369,0.463381
56,PHE,1.620926,0.383618,11.249974,0.476973
57,GLU,2.972389,0.529819,16.419042,0.460502
58,GLN,1.564379,0.369935,16.215138,0.489423
59,SER,1.417784,0.650916,11.405673,0.595007
60,LYS,3.850206,0.674291,14.61809,0.701636
61,GLN,2.302011,0.861599,17.551839,0.856145
62,LEU,2.447221,0.624392,13.873419,1.394125
63,THR,2.89769,0.740384,14.182718,0.889316
64,GLU,3.291778,1.041617,17.426434,0.57908
65,ASN,3.199944,1.165247,14.773976,1.155697
66,GLY,2.465633,1.542389,11.675035,0.915637
67,ALA,1.167668,0.600764,8.99026,0.553166
68,GLU,0.896535,0.447771,11.176295,0.475184
69,SER,1.053055,0.4215,10.019852,0.450797
70,VAL,1.265542,0.482356,5.434095,0.528996
71,LEU,0.918532,0.476426,6.792854,0.61423
72,GLN,0.895164,0.337745,10.66242,0.389532
73,VAL,0.773195,0.268775,7.519386,0.357546
74,PHE,0.673061,0.299012,4.787791,0.255656
75,ARG,2.24369,0.614592,10.64467,0.355819
76,GLU,1.961515,0.56742,12.450297,0.286095
77,ALA,0.871362,0.318182,10.738046,0.277761
78,LYS,1.342269,0.373537,12.948575,0.394909
79,ALA,1.530653,0.53116,15.420781,0.291645
80,GLU,1.317657,0.422835,16.116219,0.305423
81,GLY,1.351722,0.537743,16.600135,0.378466
82,CYS,1.186847,0.376462,13.606203,0.583793
83,ASP,1.445949,0.499923,14.706672,0.339528
84,ILE,0.929751,0.257838,9.879553,0.309269
85,THR,1.383709,0.465398,12.032897,0.402784
86,ILE,1.128741,0.38667,9.016749,0.405899
87,ILE,0.578446,0.248505,12.062683,0.295279
88,LEU,0.874419,0.285911,11.110559,0.375552
89,SER,0.590377,0.272824,13.811092,0.261645
